<?xml version="1.0" encoding="utf-8"?>
<VideoMaps xmlns:xsi="http://www.w3.org/2001/XMLSchema-instance" xmlns:xsd="http://www.w3.org/2001/XMLSchema">
  <VideoMap ShortName="VEC" LongName="Vector" STARSGroup="A" STARSTDMOnly="false" VisibleInList="true">
    <Colors>
      <NamedColor Red="128" Green="128" Blue="128" Name="R128G128B128" />
    </Colors>
    <Elements>
      <Element xsi:type="Line" Color="R128G128B128" StartLon="-94.1492536" StartLat="45.5329872" EndLon="-94.0482892" EndLat="45.4523428" />
      <Element xsi:type="Line" Color="R128G128B128" StartLon="-94.0482892" StartLat="45.4523428" EndLon="-93.9807761" EndLat="45.2582836" />
      <Element xsi:type="Line" Color="R128G128B128" StartLon="-93.9807761" StartLat="45.2582836" EndLon="-93.8361908" EndLat="45.1743742" />
      <Element xsi:type="Line" Color="R128G128B128" StartLon="-93.8361908" StartLat="45.1743742" EndLon="-93.6609717" EndLat="45.1018742" />
      <Element xsi:type="Line" Color="R128G128B128" StartLon="-93.6609717" StartLat="45.1018742" EndLon="-93.7301711" EndLat="44.9656186" />
      <Element xsi:type="Line" Color="R128G128B128" StartLon="-93.7301711" StartLat="44.9656186" EndLon="-93.9973958" EndLat="44.8049217" />
      <Element xsi:type="Line" Color="R128G128B128" StartLon="-93.9973958" StartLat="44.8049217" EndLon="-94.1468814" EndLat="44.6772475" />
      <Element xsi:type="Line" Color="R128G128B128" StartLon="-94.1468814" StartLat="44.6772475" EndLon="-94.1468814" EndLat="44.4772475" />
      <Element xsi:type="Line" Color="R128G128B128" StartLon="-94.1468814" StartLat="44.4772475" EndLon="-93.9656203" EndLat="44.4022475" />
      <Element xsi:type="Line" Color="R128G128B128" StartLon="-93.9656203" StartLat="44.4022475" EndLon="-94.1001572" EndLat="44.2873408" />
      <Element xsi:type="Line" Color="R128G128B128" StartLon="-93.9884767" StartLat="45.6087636" EndLon="-93.8389911" EndLat="45.4810894" />
      <Element xsi:type="Line" Color="R128G128B128" StartLon="-93.8389911" StartLat="45.4810894" EndLon="-93.8066844" EndLat="45.3497817" />
      <Element xsi:type="Line" Color="R128G128B128" StartLon="-93.8066844" StartLat="45.3497817" EndLon="-93.6870961" EndLat="45.2476425" />
      <Element xsi:type="Line" Color="R128G128B128" StartLon="-93.6870961" StartLat="45.2476425" EndLon="-93.4685631" EndLat="45.3046458" />
      <Element xsi:type="Line" Color="R128G128B128" StartLon="-93.4685631" StartLat="45.3046458" EndLon="-93.3290281" EndLat="45.1314408" />
      <Element xsi:type="Line" Color="R128G128B128" StartLon="-93.3290281" StartLat="45.1314408" EndLon="-93.09647" EndLat="45.1314408" />
      <Element xsi:type="Line" Color="R128G128B128" StartLon="-93.09647" StartLat="45.1314408" EndLon="-92.9469844" EndLat="45.259115" />
      <Element xsi:type="Line" Color="R128G128B128" StartLon="-92.9469844" StartLat="45.259115" EndLon="-93.0265239" EndLat="45.4157306" />
      <Element xsi:type="Line" Color="R128G128B128" StartLon="-93.0265239" StartLat="45.4157306" EndLon="-93.0103706" EndLat="45.4813844" />
      <Element xsi:type="Line" Color="R128G128B128" StartLon="-93.0103706" StartLat="45.4813844" EndLon="-92.7778125" EndLat="45.4813844" />
      <Element xsi:type="Line" Color="R128G128B128" StartLon="-92.7778125" StartLat="45.4813844" EndLon="-92.5685328" EndLat="45.3026408" />
      <Element xsi:type="Line" Color="R128G128B128" StartLon="-92.5685328" StartLat="45.3026408" EndLon="-92.3824864" EndLat="45.3026408" />
      <Element xsi:type="Line" Color="R128G128B128" StartLon="-92.3824864" StartLat="45.3026408" EndLon="-92.1582581" EndLat="45.4941519" />
      <Element xsi:type="Line" Color="R128G128B128" StartLon="-92.0156433" StartLat="45.3840322" EndLon="-92.2249231" EndLat="45.2052886" />
      <Element xsi:type="Line" Color="R128G128B128" StartLon="-92.2249231" StartLat="45.2052886" EndLon="-92.2612681" EndLat="45.0575675" />
      <Element xsi:type="Line" Color="R128G128B128" StartLon="-92.2612681" StartLat="45.0575675" EndLon="-92.3659192" EndLat="44.9276636" />
      <Element xsi:type="Line" Color="R128G128B128" StartLon="-92.3659192" StartLat="44.9276636" EndLon="-92.3659192" EndLat="44.7943303" />
      <Element xsi:type="Line" Color="R128G128B128" StartLon="-92.3659192" StartLat="44.7943303" EndLon="-92.3295742" EndLat="44.6466092" />
      <Element xsi:type="Line" Color="R128G128B128" StartLon="-92.3295742" StartLat="44.6466092" EndLon="-92.1900392" EndLat="44.6466092" />
      <Element xsi:type="Line" Color="R128G128B128" StartLon="-92.1900392" StartLat="44.6466092" EndLon="-92.0704508" EndLat="44.54447" />
      <Element xsi:type="Line" Color="R128G128B128" StartLon="-92.0704508" StartLat="44.54447" EndLon="-91.9909114" EndLat="44.3878544" />
      <Element xsi:type="Line" Color="R128G128B128" StartLon="-91.9909114" StartLat="44.3878544" EndLon="-91.9909114" EndLat="44.2211878" />
      <Element xsi:type="Line" Color="R128G128B128" StartLon="-92.1984622" StartLat="44.234955" EndLon="-92.2590372" EndLat="44.4811569" />
      <Element xsi:type="Line" Color="R128G128B128" StartLon="-92.2590372" StartLat="44.4811569" EndLon="-92.4402983" EndLat="44.5561569" />
      <Element xsi:type="Line" Color="R128G128B128" StartLon="-92.4402983" StartLat="44.5561569" EndLon="-92.5932717" EndLat="44.5162547" />
      <Element xsi:type="Line" Color="R128G128B128" StartLon="-92.5932717" StartLat="44.5162547" EndLon="-92.6728111" EndLat="44.6728703" />
      <Element xsi:type="Line" Color="R128G128B128" StartLon="-92.6728111" StartLat="44.6728703" EndLon="-92.7890903" EndLat="44.5285328" />
      <Element xsi:type="Line" Color="R128G128B128" StartLon="-92.7890903" StartLat="44.5285328" EndLon="-92.9420636" EndLat="44.4886306" />
      <Element xsi:type="Line" Color="R128G128B128" StartLon="-92.9420636" StartLat="44.4886306" EndLon="-92.9897872" EndLat="44.3946614" />
      <Element xsi:type="Line" Color="R128G128B128" StartLon="-92.9897872" StartLat="44.3946614" EndLon="-92.9102478" EndLat="44.2380458" />
      <Element xsi:type="Line" Color="R128G128B128" StartLon="-93.9393356" StartLat="44.2072786" EndLon="-93.8230564" EndLat="44.3516161" />
      <Element xsi:type="Line" Color="R128G128B128" StartLon="-93.8230564" StartLat="44.3516161" EndLon="-93.6045233" EndLat="44.4086194" />
      <Element xsi:type="Line" Color="R128G128B128" StartLon="-93.6045233" StartLat="44.4086194" EndLon="-93.5347558" EndLat="44.4952219" />
      <Element xsi:type="Line" Color="R128G128B128" StartLon="-93.5347558" StartLat="44.4952219" EndLon="-93.4340553" EndLat="44.4535553" />
      <Element xsi:type="Line" Color="R128G128B128" StartLon="-93.4340553" StartLat="44.4535553" EndLon="-93.4946303" EndLat="44.2073533" />
      <Element xsi:type="Line" Color="R128G128B128" StartLon="-93.1153086" StartLat="44.2176267" EndLon="-93.1476153" EndLat="44.3489344" />
      <Element xsi:type="Line" Color="R128G128B128" StartLon="-93.1476153" StartLat="44.3489344" EndLon="-93.1072319" EndLat="44.5130692" />
      <Element xsi:type="Line" Color="R128G128B128" StartLon="-93.1072319" StartLat="44.5130692" EndLon="-93.2002553" EndLat="44.6285392" />
      <Element xsi:type="Line" Color="R128G128B128" StartLon="-93.2002553" StartLat="44.6285392" EndLon="-93.4328133" EndLat="44.6285392" />
      <Element xsi:type="Line" Color="R128G128B128" StartLon="-93.4328133" StartLat="44.6285392" EndLon="-93.4884911" EndLat="44.73817" />
      <Element xsi:type="Line" Color="R128G128B128" StartLon="-93.4884911" StartLat="44.73817" EndLon="-93.4723378" EndLat="44.8038239" />
      <Element xsi:type="Line" Color="R128G128B128" StartLon="-93.4723378" StartLat="44.8038239" EndLon="-93.6326553" EndLat="44.8240828" />
      <Element xsi:type="Line" Color="R128G128B128" StartLon="-93.6326553" StartLat="44.8240828" EndLon="-93.8074819" EndLat="44.77848" />
      <Element xsi:type="Line" Color="R128G128B128" StartLon="-93.8074819" StartLat="44.77848" EndLon="-93.9868644" EndLat="44.6252711" />
      <Element xsi:type="Line" Color="R128G128B128" StartLon="-93.9868644" StartLat="44.6252711" EndLon="-93.9054692" EndLat="44.5242347" />
      <Element xsi:type="Line" Color="R128G128B128" StartLon="-93.9054692" StartLat="44.5242347" EndLon="-93.6916894" EndLat="44.6527922" />
      <Element xsi:type="Line" Color="R128G128B128" StartLon="-93.6916894" StartLat="44.6527922" EndLon="-93.4294497" EndLat="44.5843881" />
      <Element xsi:type="Line" Color="R128G128B128" StartLon="-93.4294497" StartLat="44.5843881" EndLon="-93.3047447" EndLat="44.5093961" />
      <Element xsi:type="Line" Color="R128G128B128" StartLon="-93.3047447" StartLat="44.5093961" EndLon="-93.3047447" EndLat="44.2093961" />
      <Element xsi:type="Line" Color="R128G128B128" StartLon="-93.3047447" StartLat="44.2093961" EndLon="-93.1153086" EndLat="44.2176267" />
      <Element xsi:type="Line" Color="R128G128B128" StartLon="-93.4708456" StartLat="45.0330747" EndLon="-93.5185692" EndLat="44.9391056" />
      <Element xsi:type="Line" Color="R128G128B128" StartLon="-93.5185692" StartLat="44.9391056" EndLon="-93.3353492" EndLat="44.9159525" />
      <Element xsi:type="Line" Color="R128G128B128" StartLon="-93.3353492" StartLat="44.9159525" EndLon="-93.0294028" EndLat="44.9957572" />
      <Element xsi:type="Line" Color="R128G128B128" StartLon="-93.0294028" StartLat="44.9957572" EndLon="-92.9480075" EndLat="44.8947208" />
      <Element xsi:type="Line" Color="R128G128B128" StartLon="-92.9480075" StartLat="44.8947208" EndLon="-92.6807828" EndLat="45.0554178" />
      <Element xsi:type="Line" Color="R128G128B128" StartLon="-92.6807828" StartLat="45.0554178" EndLon="-92.6171511" EndLat="45.18071" />
      <Element xsi:type="Line" Color="R128G128B128" StartLon="-92.6171511" StartLat="45.18071" EndLon="-92.7566861" EndLat="45.353915" />
      <Element xsi:type="Line" Color="R128G128B128" StartLon="-92.7566861" StartLat="45.353915" EndLon="-92.8659528" EndLat="45.3824167" />
      <Element xsi:type="Line" Color="R128G128B128" StartLon="-92.8659528" StartLat="45.3824167" EndLon="-92.7864133" EndLat="45.2258011" />
      <Element xsi:type="Line" Color="R128G128B128" StartLon="-92.7864133" StartLat="45.2258011" EndLon="-92.9657958" EndLat="45.0725922" />
      <Element xsi:type="Line" Color="R128G128B128" StartLon="-92.9657958" StartLat="45.0725922" EndLon="-93.1406225" EndLat="45.0269894" />
      <Element xsi:type="Line" Color="R128G128B128" StartLon="-93.1406225" StartLat="45.0269894" EndLon="-93.4708456" EndLat="45.0330747" />
      <Element xsi:type="Line" Color="R128G128B128" StartLon="-92.4923142" StartLat="45.0850486" EndLon="-92.5737094" EndLat="44.9840122" />
      <Element xsi:type="Line" Color="R128G128B128" StartLon="-92.5737094" StartLat="44.9840122" EndLon="-92.8409342" EndLat="44.8233153" />
      <Element xsi:type="Line" Color="R128G128B128" StartLon="-92.8409342" StartLat="44.8233153" EndLon="-93.0012517" EndLat="44.8030564" />
      <Element xsi:type="Line" Color="R128G128B128" StartLon="-93.0012517" StartLat="44.8030564" EndLon="-93.0710192" EndLat="44.8896589" />
      <Element xsi:type="Line" Color="R128G128B128" StartLon="-93.0710192" StartLat="44.8896589" EndLon="-93.3114056" EndLat="44.8269553" />
      <Element xsi:type="Line" Color="R128G128B128" StartLon="-93.3114056" StartLat="44.8269553" EndLon="-93.3356356" EndLat="44.7284744" />
      <Element xsi:type="Line" Color="R128G128B128" StartLon="-93.3356356" StartLat="44.7284744" EndLon="-93.1495892" EndLat="44.7284744" />
      <Element xsi:type="Line" Color="R128G128B128" StartLon="-93.1495892" StartLat="44.7284744" EndLon="-93.0001036" EndLat="44.6008003" />
      <Element xsi:type="Line" Color="R128G128B128" StartLon="-93.0001036" StartLat="44.6008003" EndLon="-92.8471303" EndLat="44.6407025" />
      <Element xsi:type="Line" Color="R128G128B128" StartLon="-92.8471303" StartLat="44.6407025" EndLon="-92.7424792" EndLat="44.7706064" />
      <Element xsi:type="Line" Color="R128G128B128" StartLon="-92.7424792" StartLat="44.7706064" EndLon="-92.6029442" EndLat="44.7706064" />
      <Element xsi:type="Line" Color="R128G128B128" StartLon="-92.6029442" StartLat="44.7706064" EndLon="-92.5472664" EndLat="44.6609756" />
      <Element xsi:type="Line" Color="R128G128B128" StartLon="-92.5472664" StartLat="44.6609756" EndLon="-92.4774989" EndLat="44.7475781" />
      <Element xsi:type="Line" Color="R128G128B128" StartLon="-92.4774989" StartLat="44.7475781" EndLon="-92.4923142" EndLat="45.0850486" />
    </Elements>
  </VideoMap>
</VideoMaps>